Reporter,Partner,Product categories,Indicator Type,Indicator,2017,2016,2015,2014,2013,2012,2011,2010,2009,2008,2007,2006,2005,2004,2003,2002,2001,2000,1999,1998,1997,1996,1995,1994,1993,1992,1991,1990,1989,1988
Madagascar,...,...,Development,GDP (current US$ Mil),          11499.80,          10001.19,           9744.24,          10673.52,          10601.69,           9919.78,           9892.70,           8729.94,           8550.36,           9413.00,           7342.92,           5515.88,           5039.29,           4363.93,           5474.03,           4397.25,           4529.58,           3877.67,           3717.52,           3738.70,           3545.78,           3995.03,           3159.90,           2977.04,           3370.84,           3024.46,           2653.14,           3081.48,           2498.06,           2442.51
Madagascar,...,...,Export,No. Of Export partners,            147.00,            133.00,            131.00,            138.00,            134.00,            127.00,            131.00,            135.00,            133.00,            139.00,            129.00,            138.00,            126.00,            122.00,            120.00,            108.00,            123.00,            121.00,             94.00,            105.00,            106.00,            103.00,            104.00,             90.00,            101.00,             93.00,             83.00,             82.00,,
Madagascar,...,...,Export,No. Of Export products,           1753.00,           1964.00,           1865.00,           1820.00,           1904.00,           1961.00,           1980.00,           1927.00,           1820.00,           1945.00,           1838.00,           1946.00,           2028.00,           1960.00,           1859.00,           1819.00,           1810.00,           1689.00,           1297.00,           1209.00,           1193.00,           1276.00,           1270.00,           1041.00,           1079.00,           1199.00,           1322.00,           1342.00,,
Madagascar,...,...,Import,No. Of Import partners,            162.00,            159.00,            167.00,            159.00,            156.00,            160.00,            139.00,            142.00,            139.00,            161.00,            156.00,            171.00,            150.00,            161.00,            149.00,            128.00,            151.00,            139.00,            103.00,            111.00,             98.00,            100.00,             98.00,             97.00,             94.00,             90.00,             92.00,            100.00,,
Madagascar,...,...,Import,No. Of Import products,           3715.00,           3735.00,           3671.00,           3665.00,           3563.00,           3602.00,           3660.00,           3690.00,           3689.00,           3797.00,           3720.00,           3790.00,           3671.00,           3739.00,           3716.00,           3281.00,           3632.00,           3631.00,           3343.00,           3359.00,           3391.00,           3381.00,           3366.00,           3265.00,           3325.00,           3215.00,           3113.00,           3348.00,,
Madagascar,...,...,Tariff,No. Of Tariff Agreement,              8.00,              5.00,              2.00,              9.00,              3.00,              9.00,              9.00,              9.00,              3.00,              9.00,              9.00,              4.00,              6.00,              1.00,              1.00,              1.00,              1.00,              1.00,,              1.00,              1.00,              1.00,              1.00,,,,,,,
Madagascar,...,...,Development,Trade Balance (current US$ Mil),           -415.91,           -226.29,           -337.81,           -467.54,           -921.01,          -1042.19,          -1542.36,          -1577.89,          -2501.66,          -2858.46,          -1596.61,           -884.75,           -873.83,           -647.93,           -491.99,           -288.70,           -145.56,           -284.07,           -287.89,           -290.01,           -286.99,           -220.20,           -239.42,           -225.26,           -313.41,           -250.53,           -227.62,           -352.06,            -95.48,           -166.08
Madagascar,Bahrain,All Products,Import,Trade (US$ Mil)-Top 5 Import Partner,,,            203.74,,,            158.31,,            139.71,,            306.03,            372.58,            288.40,            220.14,            101.88,,             70.40,             54.80,             90.03,             44.04,,,,,,,,,             31.57,,
Madagascar,Belgium,All Products,Export,Trade (US$ Mil)-Top 5 Export Partner,,,,            145.80,,,,,,,,,,,,,,,,,,,,,,,,,,
Madagascar,Belgium,All Products,Import,Trade (US$ Mil)-Top 5 Import Partner,,,,,,,,,            198.71,,,,,,,,,,,,,,,,,,,,,
Madagascar,Belgium-Luxembourg,All Products,Export,Trade (US$ Mil)-Top 5 Export Partner,,,,,,,,,,,,,,,,,,,,,,             13.08,,,,,,,,
Madagascar,Canada,All Products,Export,Trade (US$ Mil)-Top 5 Export Partner,,,,,,             69.51,             70.57,,,,,,,,,,,,,,,,,,,,,,,
Madagascar,China,All Products,Export,Trade (US$ Mil)-Top 5 Export Partner,            172.69,            144.17,            142.97,,            114.94,            102.56,             85.60,             56.69,             52.27,             52.33,,,             33.99,,,,,,,,,,,,,,,,,
Madagascar,China,All Products,Import,Trade (US$ Mil)-Top 5 Import Partner,            758.53,            632.67,            539.43,            512.53,            400.49,            379.98,            316.48,            310.76,            355.36,            810.13,            467.08,            312.54,            235.13,            278.92,            194.43,             33.28,             81.94,            117.51,             33.76,,,,,,,,,,,
Madagascar,Cote d'Ivoire,All Products,Export,Trade (US$ Mil)-Top 5 Export Partner,,,,,,,,             49.20,,,,,,,,,,,,,,,,,,,,,,
Madagascar,France,All Products,Export,Trade (US$ Mil)-Top 5 Export Partner,            645.32,            541.95,            436.96,            526.24,            413.60,            356.92,            441.00,            358.65,            362.57,            751.07,            591.24,            398.73,            286.61,            338.82,            419.86,            272.25,            375.05,            383.40,             88.08,            101.60,            125.60,            112.21,            102.13,            111.77,             87.17,             71.55,             78.33,             84.54,,
Madagascar,France,All Products,Import,Trade (US$ Mil)-Top 5 Import Partner,            243.06,            205.65,            183.07,            203.73,            160.17,            160.36,            343.20,            366.16,            330.97,            343.66,            261.51,            232.84,            249.36,            210.87,            202.12,             89.42,            137.34,            129.10,            104.62,            121.47,            131.65,            157.99,            162.85,            131.50,            126.95,            117.79,            136.47,            173.93,,
Madagascar,Free Zones,All Products,Export,Trade (US$ Mil)-Top 5 Export Partner,,,,,,,,,,,,,,,,,,,             25.34,             19.18,             15.89,,,,,,,,,
Madagascar,Free Zones,All Products,Import,Trade (US$ Mil)-Top 5 Import Partner,,,,,,,,,,,,,,,,,,,             35.67,             42.63,,,,,,,,,,
Madagascar,Germany,All Products,Export,Trade (US$ Mil)-Top 5 Export Partner,            203.48,            189.59,            126.02,,             91.14,             76.46,             73.06,             78.93,             69.91,            108.33,             69.08,             60.40,             53.77,             53.12,             48.07,             31.46,             32.90,             41.68,             14.91,             10.60,             13.46,             19.06,             29.91,             37.14,             32.90,             26.68,             30.47,             24.92,,
Madagascar,Germany,All Products,Import,Trade (US$ Mil)-Top 5 Import Partner,,,,,,,,,,,,,,,,,,,,             36.26,,             29.88,             55.46,             24.87,             32.08,             24.06,             36.49,             37.03,,
Madagascar,India,All Products,Export,Trade (US$ Mil)-Top 5 Export Partner,,,,,,             67.12,,             46.11,,,,,,,,,,,,,,,,,,,,,,
Madagascar,India,All Products,Import,Trade (US$ Mil)-Top 5 Import Partner,            273.32,            193.62,,            209.51,            149.54,,,,,,,,             99.69,,,,,,,,,,,,,,,,,
Madagascar,"Iran, Islamic Rep.",All Products,Import,Trade (US$ Mil)-Top 5 Import Partner,,,,,,,,,,,,,,,             84.21,,,            103.35,             62.93,             44.61,             50.63,             84.30,             55.31,             21.97,             55.58,,             26.47,             32.60,,
Madagascar,Italy,All Products,Export,Trade (US$ Mil)-Top 5 Export Partner,,,,,,,,,,,             47.65,             41.99,,,,,,,,,,             13.25,,,,,,,,
Madagascar,Japan,All Products,Export,Trade (US$ Mil)-Top 5 Export Partner,,            115.05,,            144.09,,,,,,,,,,,,             24.67,,,,,             24.99,             47.39,             22.30,             26.39,             17.89,             23.12,             25.94,             20.10,,
Madagascar,Japan,All Products,Import,Trade (US$ Mil)-Top 5 Import Partner,,,,,,,,,,,,,,,,,,,,,             34.81,             29.16,             32.73,             42.56,             41.04,             22.99,             28.62,             35.73,,
Madagascar,Mauritius,All Products,Export,Trade (US$ Mil)-Top 5 Export Partner,,,,,,,,,,,,,,             32.52,             45.19,             32.01,             30.20,,,             16.04,             10.93,,,,,,,,,
Madagascar,Mauritius,All Products,Import,Trade (US$ Mil)-Top 5 Import Partner,,,,,,,            133.11,,            146.53,,,,            124.78,,,,,,,,,,,,,,,,,
Madagascar,Netherlands,All Products,Export,Trade (US$ Mil)-Top 5 Export Partner,            133.85,,            145.98,            146.57,             97.53,,,,,,,,,,,,,,,,,,,,,,,,,
Madagascar,Reunion,All Products,Export,Trade (US$ Mil)-Top 5 Export Partner,,,,,,,,,,,,,,,,,,,,,,,             21.38,             20.77,             16.14,             13.30,,,,
Madagascar,Saudi Arabia,All Products,Import,Trade (US$ Mil)-Top 5 Import Partner,,,,,,,,,,,,,,,,,,,,,,,,,,             41.90,,,,
Madagascar,Singapore,All Products,Export,Trade (US$ Mil)-Top 5 Export Partner,,,,,,,             92.04,,,,,,,,             25.10,,             66.92,             39.81,             17.44,,,,,,,,             16.80,             17.84,,
Madagascar,South Africa,All Products,Import,Trade (US$ Mil)-Top 5 Import Partner,            190.44,,,,,,            182.71,            196.99,,            234.10,            129.67,            100.71,,             95.46,             93.52,             37.30,,,,             33.77,             55.27,             74.97,             34.52,             44.90,,             21.80,,,,
Madagascar,Thailand,All Products,Import,Trade (US$ Mil)-Top 5 Import Partner,,,,,,,,,            578.89,,,,,,,,,,,,,,,,,,,,,
Madagascar,United Arab Emirates,All Products,Import,Trade (US$ Mil)-Top 5 Import Partner,            276.45,            167.04,            189.43,            577.82,            554.68,            389.54,            459.51,,,,,,,,,             79.33,             61.04,,,,,,,,,,,,,
Madagascar,United States,All Products,Export,Trade (US$ Mil)-Top 5 Export Partner,            531.30,            292.40,            234.52,            186.98,            126.96,,,,            196.03,            364.73,            237.38,            150.78,            183.85,            313.96,            253.30,            129.16,            202.20,            157.34,             12.54,             14.10,,,             23.67,             25.98,             19.27,             41.75,             42.59,             52.03,,
Madagascar,United States,All Products,Import,Trade (US$ Mil)-Top 5 Import Partner,,,,,,,,            147.10,,,,,,            111.51,,,,,,,             25.60,,,,             29.36,,             25.39,,,
Madagascar,Unspecified,All Products,Export,Trade (US$ Mil)-Top 5 Export Partner,,,,,,,,,             79.61,             64.35,             55.59,             72.09,             37.54,             35.67,,,,             38.81,,,,,,,,,,,,
Madagascar,Unspecified,All Products,Import,Trade (US$ Mil)-Top 5 Import Partner,,            154.48,            199.00,            239.80,            209.62,            227.86,,,,            276.61,            135.87,             73.47,,,             68.81,,             95.32,             92.65,,,,,,,,,,,,
Madagascar,World,All Products,Tariff,Duty Free Imports (US$ Thousand),         719885.85,         962555.78,         490660.23,        1468415.71,        1153993.81,        1199372.01,        1301938.94,        1055721.56,         855706.30,        1077430.11,         789003.97,         506471.74,         975348.72,        1205783.21,         730206.31,         356622.82,         452386.04,         476015.14,,         200054.41,         228189.11,         267845.17,         199796.39,,,,,,,
Madagascar,World,Animal,Export,Export(US$ Mil),            130.52,            121.94,             80.90,            113.23,             90.91,             74.95,             85.16,             75.84,             91.49,            126.75,            146.95,            140.13,            114.51,            115.13,            136.95,            136.60,            116.49,            112.08,             11.84,             22.77,             72.57,             57.54,             67.18,             65.96,             52.99,             52.41,             55.51,             44.57,,
Madagascar,World,Capital goods,Export,Export(US$ Mil),             33.39,             34.42,             34.44,             35.32,             67.63,             26.23,            133.14,            134.83,             72.78,            106.02,             51.39,             28.96,             39.36,             29.31,            105.52,             14.29,             15.24,             15.08,              5.54,             17.39,              1.87,              2.62,              3.26,              1.08,              9.75,              4.19,              6.68,              4.97,,
Madagascar,World,Chemicals,Export,Export(US$ Mil),             64.13,             58.79,             55.73,             62.45,             43.60,             18.65,             39.83,             29.86,             19.63,             18.11,             18.72,             13.45,             10.37,              8.52,              9.71,             14.77,             12.10,             10.58,              6.69,              6.17,              5.82,              5.98,              7.42,              4.13,              4.36,              3.46,              8.11,              4.45,,
Madagascar,World,Consumer goods,Export,Export(US$ Mil),           1680.48,           1240.19,           1004.75,            965.03,            739.44,            710.82,            697.75,            562.21,            726.74,           1199.67,            914.66,            539.19,            439.70,            620.56,            575.57,            376.82,            697.01,            543.32,             57.41,             31.59,             39.99,             37.40,             84.29,             95.61,             74.70,             94.93,             98.36,            105.58,,
Madagascar,World,Food Products,Export,Export(US$ Mil),            130.18,             93.79,            106.72,            118.23,            124.21,             86.03,             86.05,             84.57,             72.65,             72.88,             78.85,             69.02,             30.25,             57.10,             57.49,             39.68,             44.66,             35.26,              5.78,              3.17,              3.83,             10.82,             14.97,             18.86,             12.63,             14.17,             18.10,             30.61,,
Madagascar,World,Footwear,Export,Export(US$ Mil),              3.15,              2.61,              2.57,              2.66,              2.31,              2.00,              1.65,              1.57,              1.15,              1.56,              1.71,              1.61,              1.35,              1.88,              0.37,              0.45,              0.62,              0.91,              0.14,              0.27,              0.23,              0.34,              0.51,              0.33,              1.19,              1.15,              3.18,              0.35,,
Madagascar,World,Fuels,Export,Export(US$ Mil),             46.37,             57.73,             64.24,             84.40,             72.25,             82.59,             80.75,             62.72,             49.00,             90.56,             56.42,             80.43,             43.27,             35.83,             39.77,             28.93,             99.97,             43.79,              5.55,              9.90,              7.97,              9.70,             14.52,              2.03,              8.54,              9.37,              1.35,              1.54,,
Madagascar,World,Hides and Skins,Export,Export(US$ Mil),              8.05,              9.21,             11.63,             13.84,             19.39,             23.92,             24.56,             20.30,             11.40,             11.69,              8.18,              5.53,              4.52,              5.40,              4.65,              3.71,              6.28,              3.59,              1.40,              1.78,              2.74,              2.16,              3.35,              3.57,              2.35,              1.74,              2.32,              1.99,,
Madagascar,World,Intermediate goods,Export,Export(US$ Mil),            609.11,            604.01,            755.45,            835.92,            499.91,            188.02,            162.78,            114.18,            101.80,            106.39,            107.85,             98.30,             96.28,             56.21,             48.48,             53.04,             57.61,            132.85,             98.20,             66.59,             74.36,             44.35,             50.96,             40.02,             35.48,             39.97,             53.63,             51.46,,
Madagascar,World,Mach and Elec,Export,Export(US$ Mil),             24.92,             27.49,             24.54,             22.89,             22.13,             16.88,             50.32,             85.32,             64.20,             22.81,             37.94,             16.60,             23.39,             22.67,             13.81,             10.80,             11.07,             11.34,              1.54,             17.08,              1.30,              1.96,              2.00,              0.24,              4.47,              3.79,              6.14,              4.69,,
Madagascar,World,Metals,Export,Export(US$ Mil),            497.38,            487.93,            654.79,            699.03,            372.11,             90.05,             30.66,             19.40,             11.21,             13.68,             14.83,             16.43,             14.79,              7.72,              2.48,              1.62,              2.44,              1.37,              1.30,              0.81,              0.77,              0.38,              0.52,              0.10,              2.02,              1.12,              0.50,              0.64,,
Madagascar,World,Minerals,Export,Export(US$ Mil),            130.41,             82.01,             86.94,            112.24,            118.87,            148.09,            117.20,             77.05,             25.36,             41.67,             30.37,             22.50,             20.10,             16.92,             11.03,              8.05,              9.71,             14.29,              8.72,             16.59,             18.25,             46.28,             24.08,             11.68,             16.21,             17.00,             20.51,             22.38,,
Madagascar,World,Miscellaneous,Export,Export(US$ Mil),             30.50,             29.59,             46.20,             45.47,             22.78,             25.08,             30.31,             90.03,             35.82,             36.98,             29.74,             26.46,             23.44,             20.79,             16.01,             29.34,             20.50,             27.63,              9.84,              9.65,              5.73,              6.94,              7.90,              4.79,              6.34,              8.20,              5.89,              6.43,,
Madagascar,World,Plastic or Rubber,Export,Export(US$ Mil),              4.14,              4.61,              4.44,              6.27,              4.87,              4.81,              5.28,              4.66,              4.74,              7.12,              6.82,              4.66,              2.92,              2.75,              1.77,              1.78,              2.26,             19.63,              1.60,              0.29,              0.21,              0.15,              0.28,              0.11,              0.06,              0.26,              0.27,              0.21,,
Madagascar,World,Raw materials,Export,Export(US$ Mil),            518.29,            363.16,            348.30,            386.87,            315.91,            293.25,            259.00,            213.04,            178.38,            244.09,            265.51,            242.12,            193.70,            188.56,            197.36,            198.48,            168.73,            168.40,             62.45,            101.79,            149.39,            200.60,            215.32,            186.67,            137.56,            123.32,            133.02,            128.08,,
Madagascar,World,Stone and Glass,Export,Export(US$ Mil),            110.16,             40.77,             27.62,             26.48,             22.97,             25.73,             29.34,             15.97,             10.96,             10.93,             18.49,             29.11,             19.28,             10.96,             14.94,             11.39,             10.94,             18.57,             16.01,              5.49,              8.97,              5.29,              4.78,              3.71,              3.17,              4.02,              4.72,              4.33,,
Madagascar,World,Textiles and Clothing,Export,Export(US$ Mil),            580.08,            525.95,            479.25,            538.51,            427.28,            347.72,            339.94,            337.30,            497.21,            940.91,            546.32,            378.74,            343.80,            403.72,            262.76,            133.10,            301.00,            395.96,             74.50,             49.37,             55.95,             28.88,             29.00,             20.06,             26.04,             26.62,             38.00,             25.20,,
Madagascar,World,Transportation,Export,Export(US$ Mil),              5.64,              6.08,              8.49,             10.03,             43.38,              6.10,             71.72,             35.22,              9.26,             77.79,              7.08,              8.56,              8.80,              5.04,             91.13,              2.62,              2.61,              1.49,              0.44,              0.59,              0.63,              0.27,              1.27,              0.88,              4.76,              0.42,              0.50,              0.91,,
Madagascar,World,Vegetable,Export,Export(US$ Mil),           1057.20,            683.38,            480.54,            344.93,            207.77,            247.17,            228.51,            107.24,            137.46,            138.94,            164.54,            131.26,            110.75,            192.89,            300.10,            229.02,            270.22,            137.81,             72.52,             79.19,             84.74,            113.91,            170.89,            177.74,            113.03,            121.32,            126.73,            142.03,,
Madagascar,World,Wood,Export,Export(US$ Mil),             24.15,             29.46,             29.88,             42.51,             32.06,             24.76,             38.41,             35.13,             54.35,             55.04,            176.37,             63.69,             64.35,             63.86,             16.09,             15.59,             36.74,             27.63,             14.89,             11.46,              8.05,              8.46,             11.22,             12.43,              3.58,              3.84,              3.55,              2.07,,
Madagascar,World,All Products,Export,Exports (in US$ Mil),           2846.99,           2261.35,           2164.46,           2243.19,           1626.89,           1224.51,           1259.68,           1082.17,           1095.90,           1667.40,           1343.31,           1008.16,            835.89,            971.19,            979.05,            667.44,            947.62,            861.93,            232.76,            234.56,            277.76,            299.05,            359.87,            326.61,            261.73,            268.89,            295.38,            292.42,,
Madagascar,World,Capital goods,Import,Import(US$ Mil),            711.31,            483.40,            550.85,            523.17,            390.44,            464.34,            487.63,            726.62,            865.58,           1168.77,            549.44,            321.64,            388.41,            407.52,            222.47,             91.15,            194.93,            173.63,            119.12,            122.53,            123.96,            138.69,            125.42,            118.14,            125.95,             96.64,            151.30,            163.30,,
Madagascar,World,Consumer goods,Import,Import(US$ Mil),           1685.68,           1313.97,           1245.33,           1579.04,           1305.59,           1285.16,           1316.68,           1059.25,           1051.98,           1338.02,            992.43,            789.74,            673.29,            586.15,            497.26,            282.04,            374.40,            325.73,            148.22,            160.31,            164.65,            149.83,            153.26,            158.32,            125.69,            129.01,            116.00,            219.09,,
Madagascar,World,Intermediate goods,Import,Import(US$ Mil),           1047.39,            976.61,            927.13,           1020.29,            806.14,            758.92,            815.83,            693.57,           1179.65,           1224.60,            781.01,            583.16,            538.47,            590.59,            462.58,            130.10,            246.41,            350.54,             99.57,            137.25,            147.37,            121.97,            165.25,            100.38,            123.55,             90.20,             91.73,            137.27,,
Madagascar,World,Raw materials,Import,Import(US$ Mil),            198.66,            168.82,            214.45,            219.61,            192.44,            138.15,            103.25,             59.35,             53.94,            108.45,            112.17,             57.39,             39.86,             62.55,            132.33,             90.98,             98.74,            136.14,             83.25,             75.85,             93.29,            119.65,             93.50,             48.04,             86.99,             70.55,             44.15,             46.09,,
Madagascar,World,All Products,Import,Imports (in US$ Mil),           3654.47,           2971.71,           2960.91,           3354.80,           2699.41,           2658.99,           2730.47,           2546.19,           3159.33,           3850.62,           2445.48,           1760.26,           1685.90,           1651.90,           1318.06,            601.94,            920.19,            990.67,            505.34,            556.79,            573.05,            602.12,            549.52,            431.71,            468.60,            391.34,            406.32,            569.31,,
Madagascar,...,...,Development,"GNI per capita, Atlas method (current US$)",            400.00,            400.00,    420.00,    440.00,    440.00,    430.00,    420.00,    420.00,    410.00,    400.00,    330.00,    280.00,    290.00,    290.00,    280.00,    230.00,    260.00,    250.00,    240.00,    250.00,    250.00,    240.00,    230.00,    240.00,    240.00,    230.00,    220.00,    240.00,    230.00,    260.00
Madagascar,...,...,Trade Indicator,HH Market concentration index,              0.11,              0.08,      0.07,      0.07,      0.08,      0.09,      0.10,      0.12,      0.14,      0.16,      0.18,      0.19,      0.21,      0.23,      0.24,      0.22,      0.18,      0.16,      0.19,      0.23,      0.18,      0.22,      0.17,      0.16,      0.10,      0.15,      0.14,      0.17,,
Madagascar,...,...,Trade Indicator,Index of export market penetration,              2.62,              3.03,      2.89,      3.20,      3.09,      2.89,      2.78,      2.81,      2.72,      2.81,      2.75,      2.65,      2.50,      2.41,      2.36,      2.26,      2.48,      2.40,      2.47,      2.42,      2.33,      2.31,      2.35,      2.39,      2.39,      2.50,      2.95,      3.17,,
Madagascar,...,...,Development,Trade (% of GDP),             74.45,             69.26,     67.59,     69.90,     68.82,     67.62,     69.08,     68.02,     74.00,     83.45,     82.39,     75.50,     73.77,     80.12,     55.16,     38.58,     61.37,     68.68,     56.68,     50.80,     51.83,     46.50,     55.85,     51.63,     39.93,     41.05,     44.80,     44.63,     40.72,     39.40
Madagascar,...,...,Development,Trade Balance (% of GDP),             -3.62,             -2.26,     -3.47,     -4.38,     -8.69,    -10.51,    -15.59,    -18.07,    -29.26,    -30.37,    -21.74,    -16.04,    -17.34,    -14.85,     -8.99,     -6.57,     -3.21,     -7.33,     -7.74,     -7.76,     -8.09,     -5.51,     -7.58,     -7.57,     -9.30,     -8.28,     -8.58,    -11.43,     -3.82,     -6.80
Madagascar,...,...,Development,Trade in services (% of GDP),             21.94,             23.27,     22.87,     24.54,     24.76,     26.43,     25.71,     25.21,     24.22,     30.08,     30.20,     26.59,     23.73,     25.29,     17.91,     29.31,     21.91,     23.95,     21.32,     20.61,     19.74,     17.72,     22.24,     19.78,     15.99,     15.24,     14.97,     12.83,     14.47,     15.09
Madagascar,Bahrain,All Products,Import,Partner share(%)-Top 5 Import Partner,,,      6.88,,,      5.95,,      5.49,,      7.95,     15.24,     16.38,     13.06,      6.17,,     11.69,      5.95,      9.09,      8.71,,,,,,,,,      5.55,,
Madagascar,Belgium,All Products,Export,Partner share(%)-Top 5 Export Partner,,,,      6.50,,,,,,,,,,,,,,,,,,,,,,,,,,
Madagascar,Belgium,All Products,Import,Partner share(%)-Top 5 Import Partner,,,,,,,,,      6.29,,,,,,,,,,,,,,,,,,,,,
Madagascar,Belgium-Luxembourg,All Products,Export,Partner share(%)-Top 5 Export Partner,,,,,,,,,,,,,,,,,,,,,,      4.37,,,,,,,,
Madagascar,Canada,All Products,Export,Partner share(%)-Top 5 Export Partner,,,,,,      5.68,      5.60,,,,,,,,,,,,,,,,,,,,,,,
Madagascar,China,All Products,Export,Partner share(%)-Top 5 Export Partner,              6.07,              6.38,      6.61,,      7.07,      8.38,      6.79,      5.24,      4.77,      3.14,,,      4.07,,,,,,,,,,,,,,,,,
Madagascar,China,All Products,Import,Partner share(%)-Top 5 Import Partner,             20.76,             21.29,     18.22,     15.28,     14.84,     14.29,     11.59,     12.21,     11.25,     21.04,     19.10,     17.76,     13.95,     16.88,     14.75,      5.53,      8.90,     11.86,      6.68,,,,,,,,,,,
Madagascar,Cote d'Ivoire,All Products,Export,Partner share(%)-Top 5 Export Partner,,,,,,,,      4.55,,,,,,,,,,,,,,,,,,,,,,
Madagascar,France,All Products,Export,Partner share(%)-Top 5 Export Partner,             22.67,             23.97,     20.19,     23.46,     25.42,     29.15,     35.01,     33.14,     33.08,     45.04,     44.01,     39.55,     34.29,     34.89,     42.88,     40.79,     39.58,     44.48,     37.84,     43.32,     45.22,     37.52,     28.38,     34.22,     33.31,     26.61,     26.52,     28.91,,
Madagascar,France,All Products,Import,Partner share(%)-Top 5 Import Partner,              6.65,              6.92,      6.18,      6.07,      5.93,      6.03,     12.57,     14.38,     10.48,      8.92,     10.69,     13.23,     14.79,     12.77,     15.33,     14.85,     14.93,     13.03,     20.70,     21.82,     22.97,     26.24,     29.64,     30.46,     27.09,     30.10,     33.59,     30.55,,
Madagascar,Free Zones,All Products,Export,Partner share(%)-Top 5 Export Partner,,,,,,,,,,,,,,,,,,,     10.88,      8.18,      5.72,,,,,,,,,
Madagascar,Free Zones,All Products,Import,Partner share(%)-Top 5 Import Partner,,,,,,,,,,,,,,,,,,,      7.06,      7.66,,,,,,,,,,
Madagascar,Germany,All Products,Export,Partner share(%)-Top 5 Export Partner,              7.15,              8.38,      5.82,,      5.60,      6.24,      5.80,      7.29,      6.38,      6.50,      5.14,      5.99,      6.43,      5.47,      4.91,      4.71,      3.47,      4.84,      6.41,      4.52,      4.85,      6.37,      8.31,     11.37,     12.57,      9.92,     10.32,      8.52,,
Madagascar,Germany,All Products,Import,Partner share(%)-Top 5 Import Partner,,,,,,,,,,,,,,,,,,,,      6.51,,      4.96,     10.09,      5.76,      6.85,      6.15,      8.98,      6.50,,
Madagascar,India,All Products,Export,Partner share(%)-Top 5 Export Partner,,,,,,      5.48,,      4.26,,,,,,,,,,,,,,,,,,,,,,
Madagascar,India,All Products,Import,Partner share(%)-Top 5 Import Partner,              7.48,              6.52,,      6.25,      5.54,,,,,,,,      5.91,,,,,,,,,,,,,,,,,
Madagascar,"Iran, Islamic Rep.",All Products,Import,Partner share(%)-Top 5 Import Partner,,,,,,,,,,,,,,,      6.39,,,     10.43,     12.45,      8.01,      8.84,     14.00,     10.07,      5.09,     11.86,,      6.51,      5.73,,
Madagascar,Italy,All Products,Export,Partner share(%)-Top 5 Export Partner,,,,,,,,,,,      3.55,      4.16,,,,,,,,,,      4.43,,,,,,,,
Madagascar,Japan,All Products,Export,Partner share(%)-Top 5 Export Partner,,              5.09,,      6.42,,,,,,,,,,,,      3.70,,,,,      9.00,     15.85,      6.20,      8.08,      6.84,      8.60,      8.78,      6.87,,
Madagascar,Japan,All Products,Import,Partner share(%)-Top 5 Import Partner,,,,,,,,,,,,,,,,,,,,,      6.07,      4.84,      5.96,      9.86,      8.76,      5.88,      7.04,      6.28,,
Madagascar,Mauritius,All Products,Export,Partner share(%)-Top 5 Export Partner,,,,,,,,,,,,,,      3.35,      4.62,      4.80,      3.19,,,      6.84,      3.94,,,,,,,,,
Madagascar,Mauritius,All Products,Import,Partner share(%)-Top 5 Import Partner,,,,,,,      4.88,,      4.64,,,,      7.40,,,,,,,,,,,,,,,,,
Madagascar,Netherlands,All Products,Export,Partner share(%)-Top 5 Export Partner,              4.70,,      6.74,      6.53,      5.99,,,,,,,,,,,,,,,,,,,,,,,,,
Madagascar,Reunion,All Products,Export,Partner share(%)-Top 5 Export Partner,,,,,,,,,,,,,,,,,,,,,,,      5.94,      6.36,      6.17,      4.95,,,,
Madagascar,Saudi Arabia,All Products,Import,Partner share(%)-Top 5 Import Partner,,,,,,,,,,,,,,,,,,,,,,,,,,     10.71,,,,
Madagascar,Singapore,All Products,Export,Partner share(%)-Top 5 Export Partner,,,,,,,      7.31,,,,,,,,      2.56,,      7.06,      4.62,      7.49,,,,,,,,      5.69,      6.10,,
Madagascar,South Africa,All Products,Import,Partner share(%)-Top 5 Import Partner,              5.21,,,,,,      6.69,      7.74,,      6.08,      5.30,      5.72,,      5.78,      7.10,      6.20,,,,      6.07,      9.64,     12.45,      6.28,     10.40,,      5.57,,,,
Madagascar,Thailand,All Products,Import,Partner share(%)-Top 5 Import Partner,,,,,,,,,     18.32,,,,,,,,,,,,,,,,,,,,,
Madagascar,United Arab Emirates,All Products,Import,Partner share(%)-Top 5 Import Partner,              7.56,              5.62,      6.40,     17.22,     20.55,     14.65,     16.83,,,,,,,,,     13.18,      6.63,,,,,,,,,,,,,
Madagascar,United States,All Products,Export,Partner share(%)-Top 5 Export Partner,             18.66,             12.93,     10.84,      8.34,      7.80,,,,     17.89,     21.87,     17.67,     14.96,     21.99,     32.33,     25.87,     19.35,     21.34,     18.25,      5.39,      6.01,,,      6.58,      7.95,      7.36,     15.53,     14.42,     17.79,,
Madagascar,United States,All Products,Import,Partner share(%)-Top 5 Import Partner,,,,,,,,      5.78,,,,,,      6.75,,,,,,,      4.47,,,,      6.27,,      6.25,,,
Madagascar,Unspecified,All Products,Export,Partner share(%)-Top 5 Export Partner,,,,,,,,,      7.26,      3.86,      4.14,      7.15,      4.49,      3.67,,,,      4.50,,,,,,,,,,,,
Madagascar,Unspecified,All Products,Import,Partner share(%)-Top 5 Import Partner,,              5.20,      6.72,      7.15,      7.77,      8.57,,,,      7.18,      5.56,      4.17,,,      5.22,,     10.36,      9.35,,,,,,,,,,,,
Madagascar,World,All Products,Trade Indicator,Country Growth (%),              9.60,              4.75,     -0.24,      6.77,     10.63,     -2.44,     25.33,     -3.99,     -3.19,      2.01,      7.81,      3.22,    -11.75,      9.52,     17.36,    -10.27,      6.03,      8.44,      2.22,      4.71,      0.43,      2.10,      9.35,     56.84,      9.72,      2.51,     18.83,      4.86,,
Madagascar,World,All Products,Tariff,Duty Free Tariff Lines Share (%),             52.03,             16.18,     15.15,     17.12,     15.17,     15.58,     16.38,     19.17,     16.73,     12.13,     12.15,      7.27,     32.21,     50.58,     31.02,     26.40,     26.97,     21.94,,     17.61,     17.63,     16.95,     17.40,,,,,,,
Madagascar,World,Animal,Export,Export Product share(%),              4.58,              5.39,      3.74,      5.05,      5.59,      6.12,      6.76,      7.01,      8.35,      7.60,     10.94,     13.90,     13.70,     11.85,     13.99,     20.47,     12.29,     13.00,      5.09,      9.71,     26.13,     19.24,     18.67,     20.19,     20.24,     19.49,     18.79,     15.24,,
Madagascar,World,Capital goods,Export,Export Product share(%),              1.17,              1.52,      1.59,      1.57,      4.16,      2.14,     10.57,     12.46,      6.64,      6.36,      3.83,      2.87,      4.71,      3.02,     10.78,      2.14,      1.61,      1.75,      2.38,      7.41,      0.67,      0.88,      0.91,      0.33,      3.72,      1.56,      2.26,      1.70,,
Madagascar,World,Chemicals,Export,Export Product share(%),              2.25,              2.60,      2.57,      2.78,      2.68,      1.52,      3.16,      2.76,      1.79,      1.09,      1.39,      1.33,      1.24,      0.88,      0.99,      2.21,      1.28,      1.23,      2.88,      2.63,      2.09,      2.00,      2.06,      1.26,      1.66,      1.29,      2.75,      1.52,,
Madagascar,World,Consumer goods,Export,Export Product share(%),             59.03,             54.84,     46.42,     43.02,     45.45,     58.05,     55.39,     51.95,     66.31,     71.95,     68.09,     53.48,     52.60,     63.90,     58.79,     56.46,     73.55,     63.04,     24.66,     13.47,     14.40,     12.51,     23.42,     29.27,     28.54,     35.31,     33.30,     36.10,,
Madagascar,World,Food Products,Export,Export Product share(%),              4.57,              4.15,      4.93,      5.27,      7.63,      7.03,      6.83,      7.81,      6.63,      4.37,      5.87,      6.85,      3.62,      5.88,      5.87,      5.94,      4.71,      4.09,      2.48,      1.35,      1.38,      3.62,      4.16,      5.78,      4.82,      5.27,      6.13,     10.47,,
Madagascar,World,Footwear,Export,Export Product share(%),              0.11,              0.12,      0.12,      0.12,      0.14,      0.16,      0.13,      0.14,      0.10,      0.09,      0.13,      0.16,      0.16,      0.19,      0.04,      0.07,      0.07,      0.11,      0.06,      0.11,      0.08,      0.11,      0.14,      0.10,      0.46,      0.43,      1.08,      0.12,,
Madagascar,World,Fuels,Export,Export Product share(%),              1.63,              2.55,      2.97,      3.76,      4.44,      6.74,      6.41,      5.80,      4.47,      5.43,      4.20,      7.98,      5.18,      3.69,      4.06,      4.34,     10.55,      5.08,      2.38,      4.22,      2.87,      3.24,      4.03,      0.62,      3.26,      3.48,      0.46,      0.53,,
Madagascar,World,Hides and Skins,Export,Export Product share(%),              0.28,              0.41,      0.54,      0.62,      1.19,      1.95,      1.95,      1.88,      1.04,      0.70,      0.61,      0.55,      0.54,      0.56,      0.47,      0.56,      0.66,      0.42,      0.60,      0.76,      0.99,      0.72,      0.93,      1.09,      0.90,      0.65,      0.79,      0.68,,
Madagascar,World,Intermediate goods,Export,Export Product share(%),             21.40,             26.71,     34.90,     37.26,     30.73,     15.35,     12.92,     10.55,      9.29,      6.38,      8.03,      9.75,     11.52,      5.79,      4.95,      7.95,      6.08,     15.41,     42.19,     28.39,     26.77,     14.83,     14.16,     12.25,     13.56,     14.86,     18.15,     17.60,,
Madagascar,World,Mach and Elec,Export,Export Product share(%),              0.88,              1.22,      1.13,      1.02,      1.36,      1.38,      3.99,      7.88,      5.86,      1.37,      2.82,      1.65,      2.80,      2.33,      1.41,      1.62,      1.17,      1.32,      0.66,      7.28,      0.47,      0.65,      0.55,      0.07,      1.71,      1.41,      2.08,      1.60,,
Madagascar,World,Metals,Export,Export Product share(%),             17.47,             21.58,     30.25,     31.16,     22.87,      7.35,      2.43,      1.79,      1.02,      0.82,      1.10,      1.63,      1.77,      0.80,      0.25,      0.24,      0.26,      0.16,      0.56,      0.34,      0.28,      0.13,      0.15,      0.03,      0.77,      0.41,      0.17,      0.22,,
Madagascar,World,Minerals,Export,Export Product share(%),              4.58,              3.63,      4.02,      5.00,      7.31,     12.09,      9.30,      7.12,      2.31,      2.50,      2.26,      2.23,      2.41,      1.74,      1.13,      1.21,      1.02,      1.66,      3.74,      7.07,      6.57,     15.48,      6.69,      3.58,      6.19,      6.32,      6.94,      7.65,,
Madagascar,World,Miscellaneous,Export,Export Product share(%),              1.07,              1.31,      2.13,      2.03,      1.40,      2.05,      2.41,      8.32,      3.27,      2.22,      2.21,      2.62,      2.80,      2.14,      1.63,      4.40,      2.16,      3.21,      4.23,      4.11,      2.06,      2.32,      2.19,      1.47,      2.42,      3.05,      1.99,      2.20,,
Madagascar,World,Plastic or Rubber,Export,Export Product share(%),              0.15,              0.20,      0.20,      0.28,      0.30,      0.39,      0.42,      0.43,      0.43,      0.43,      0.51,      0.46,      0.35,      0.28,      0.18,      0.27,      0.24,      2.28,      0.69,      0.12,      0.07,      0.05,      0.08,      0.03,      0.02,      0.10,      0.09,      0.07,,
Madagascar,World,Raw materials,Export,Export Product share(%),             18.20,             16.06,     16.09,     17.25,     19.42,     23.95,     20.56,     19.69,     16.28,     14.64,     19.77,     24.02,     23.17,     19.42,     20.16,     29.74,     17.81,     19.54,     26.83,     43.40,     53.78,     67.08,     59.83,     57.15,     52.56,     45.86,     45.04,     43.80,,
Madagascar,World,Stone and Glass,Export,Export Product share(%),              3.87,              1.80,      1.28,      1.18,      1.41,      2.10,      2.33,      1.48,      1.00,      0.66,      1.38,      2.89,      2.31,      1.13,      1.53,      1.71,      1.15,      2.15,      6.88,      2.34,      3.23,      1.77,      1.33,      1.13,      1.21,      1.49,      1.60,      1.48,,
Madagascar,World,Textiles and Clothing,Export,Export Product share(%),             20.38,             23.26,     22.14,     24.01,     26.26,     28.40,     26.99,     31.17,     45.37,     56.43,     40.67,     37.57,     41.13,     41.57,     26.84,     19.94,     31.76,     45.94,     32.01,     21.05,     20.14,      9.66,      8.06,      6.14,      9.95,      9.90,     12.86,      8.62,,
Madagascar,World,Transportation,Export,Export Product share(%),              0.20,              0.27,      0.39,      0.45,      2.67,      0.50,      5.69,      3.25,      0.84,      4.67,      0.53,      0.85,      1.05,      0.52,      9.31,      0.39,      0.28,      0.17,      0.19,      0.25,      0.23,      0.09,      0.35,      0.27,      1.82,      0.16,      0.17,      0.31,,
Madagascar,World,Vegetable,Export,Export Product share(%),             37.13,             30.22,     22.20,     15.38,     12.77,     20.18,     18.14,      9.91,     12.54,      8.33,     12.25,     13.02,     13.25,     19.86,     30.65,     34.31,     28.52,     15.99,     31.16,     33.76,     30.51,     38.09,     47.49,     54.42,     43.19,     45.12,     42.91,     48.57,,
Madagascar,World,Wood,Export,Export Product share(%),              0.85,              1.30,      1.38,      1.90,      1.97,      2.02,      3.05,      3.25,      4.96,      3.30,     13.13,      6.32,      7.70,      6.58,      1.64,      2.34,      3.88,      3.21,      6.40,      4.88,      2.90,      2.83,      3.12,      3.81,      1.37,      1.43,      1.20,      0.71,,
Madagascar,World,Capital goods,Import,Import Product share(%),             19.46,             16.27,     18.60,     15.59,     14.46,     17.46,     17.86,     28.54,     27.40,     30.35,     22.47,     18.27,     23.04,     24.67,     16.88,     15.14,     21.18,     17.53,     23.57,     22.01,     21.63,     23.03,     22.82,     27.37,     26.88,     24.69,     37.24,     28.68,,
Madagascar,World,Consumer goods,Import,Import Product share(%),             46.13,             44.22,     42.06,     47.07,     48.37,     48.33,     48.22,     41.60,     33.30,     34.75,     40.58,     44.87,     39.94,     35.48,     37.73,     46.85,     40.69,     32.88,     29.33,     28.79,     28.73,     24.88,     27.89,     36.67,     26.82,     32.97,     28.55,     38.48,,
Madagascar,World,Intermediate goods,Import,Import Product share(%),             28.66,             32.86,     31.31,     30.41,     29.86,     28.54,     29.88,     27.24,     37.34,     31.80,     31.94,     33.13,     31.94,     35.75,     35.10,     21.61,     26.78,     35.38,     19.70,     24.65,     25.72,     20.26,     30.07,     23.25,     26.37,     23.05,     22.57,     24.11,,
Madagascar,World,Raw materials,Import,Import Product share(%),              5.44,              5.68,      7.24,      6.55,      7.13,      5.20,      3.78,      2.33,      1.71,      2.82,      4.59,      3.26,      2.36,      3.79,     10.04,     15.11,     10.73,     13.74,     16.47,     13.62,     16.28,     19.87,     17.02,     11.13,     18.56,     18.03,     10.87,      8.10,,
Madagascar,World,All Products,Tariff,Maximum Rate (%),             20.00,             20.00,     20.00,     20.00,     20.00,     20.00,     20.00,     20.00,     20.00,     20.00,     20.00,     20.00,     25.00,     20.00,     25.00,     25.00,     20.00,     30.00,,     30.00,     30.00,     30.00,     30.00,,,,,,,
Madagascar,World,All Products,Tariff,Simple Average (%),              6.17,             10.26,     10.94,     10.69,     10.96,     10.96,     10.93,     10.56,     10.73,     12.13,     12.11,     13.32,     11.37,      3.76,      5.14,      5.61,      5.33,      6.10,,      6.52,      7.63,      7.63,      7.49,,,,,,,
Madagascar,World,All Products,Tariff,Weighted Average (%),              5.74,              7.86,      9.35,      5.99,      6.39,      6.18,      6.37,      6.32,      7.89,      8.51,      8.48,      9.54,      5.89,      1.73,      3.32,      2.72,      3.47,      4.50,,      4.73,      5.31,      4.60,      5.18,,,,,,,
Madagascar,World,Capital goods,Tariff,Weighted Average (%),              4.16,              5.60,      5.65,      6.56,      6.85,      6.56,      6.62,      5.45,      5.86,      9.46,     10.09,     11.17,      4.17,      1.64,      4.32,      4.59,      4.67,      5.08,,      5.35,      8.35,      7.99,      8.34,,,,,,,
Madagascar,World,Consumer goods,Tariff,Weighted Average (%),              6.37,              7.45,     10.80,      4.67,      5.83,      5.75,      5.52,      6.57,      8.55,      7.24,      6.68,      7.59,      8.38,      2.55,      3.74,      2.76,      3.53,      3.50,,      4.81,      5.26,      4.64,      5.61,,,,,,,
Madagascar,World,Intermediate goods,Tariff,Weighted Average (%),              6.56,              9.64,      9.88,      8.23,      7.61,      7.18,      7.41,      6.67,      8.47,      8.81,      8.46,     10.29,      3.61,      1.22,      1.92,      3.12,      3.70,      6.83,,      5.79,      5.88,      4.37,      4.72,,,,,,,
Madagascar,World,Raw materials,Tariff,Weighted Average (%),              2.91,              8.13,      7.65,      7.89,      6.40,      6.29,      6.72,      7.15,      7.39,      6.18,     11.33,     13.59,     14.58,      0.70,      0.38,      0.15,      0.33,      0.16,,      1.60,      0.51,      0.81,      1.02,,,,,,,
Madagascar,World,All Products,Trade Indicator,World Growth (%),              1.50,             -1.59,     -6.46,      0.10,      1.04,      0.02,      9.11,     10.65,    -12.27,      7.48,      7.16,      7.61,      6.15,     10.47,      8.06,      2.41,     -1.71,      7.07,      2.52,     -0.47,      3.05,      3.55,     11.51,     15.29,      7.73,     11.98,     20.90,     10.18,,
